muni_id,municipality,population,land_area,pop_density,mean_age,median_age,college_share,median_income,cars,electric_cars,pop_year,age_year,edu_year,income_year,cars_year
0301,Oslo,724290,426,1699,38.7,36,56.4,635200,246809,120469,2025,2025,2025,2024,2025
4601,Bergen,293709,445,660,40.3,38,46.8,671700,122239,60695,2025,2025,2025,2024,2025
5001,Trondheim - Tråante,216518,496,436,39.5,36,48.0,659600,92529,37742,2025,2025,2025,2024,2025
1103,Stavanger,150123,256,586,39.9,38,46.9,732600,69615,27663,2025,2025,2025,2024,2025
3201,Bærum,132358,189,701,41.4,41,56.4,837100,78279,38369,2025,2025,2025,2024,2025
4204,Kristiansand,118221,610,194,40,38,39.8,657200,60302,23266,2025,2025,2025,2024,2025
3301,Drammen,105452,305,346,41.7,41,34.8,655900,53019,16852,2025,2025,2025,2024,2025
3203,Asker,100492,364,276,41.6,42,48.7,821700,55102,23235,2025,2025,2025,2024,2025
3205,Lillestrøm,95762,410,234,40.2,39,36.5,723500,46596,17911,2025,2025,2025,2024,2025
3107,Fredrikstad,85862,284,303,43,43,33.5,647800,45768,16813,2025,2025,2025,2024,2025
1108,Sandnes,84908,943,90,38.6,38,38.1,756600,44567,17401,2025,2025,2025,2024,2025
5501,Tromsø,79421,2472,32,40,38,46.9,658600,36770,9496,2025,2025,2025,2024,2025
3907,Sandefjord,66758,414,161,42.9,43,32.3,646600,39270,11874,2025,2025,2025,2024,2025
3207,Nordre Follo,64668,196,329,40.9,40,44.9,806400,31535,13554,2025,2025,2025,2024,2025
3105,Sarpsborg,60139,370,163,42,41,28.0,637700,33836,10455,2025,2025,2025,2024,2025
3905,Tønsberg,59830,326,183,42.3,42,39.1,658000,34352,11646,2025,2025,2025,2024,2025
1508,Ålesund,59198,353,168,41,40,38.6,691800,32476,11181,2025,2025,2025,2024,2025
4003,Skien,56866,719,79,42.9,43,32.5,639800,31879,10178,2025,2025,2025,2024,2025
1804,Bodø,53725,1311,41,41.2,40,41.1,689600,27475,8872,2025,2025,2025,2024,2025
3103,Moss,52646,128,412,43.5,44,34.8,646500,28686,9922,2025,2025,2025,2024,2025
3222,Lørenskog,50013,67,743,39.5,38,39.5,695900,22175,10140,2025,2025,2025,2024,2025
3909,Larvik,48870,771,63,44.4,45,30.9,650100,28844,8260,2025,2025,2025,2024,2025
3118,Indre Østfold,47449,755,63,42.7,43,25.8,649400,28403,7130,2025,2025,2025,2024,2025
4203,Arendal,46568,255,183,43.2,43,34.2,642800,26308,6708,2025,2025,2025,2024,2025
3209,Ullensaker,45066,250,180,38.7,38,30.8,675500,24247,8680,2025,2025,2025,2024,2025
1149,Karmøy,43723,219,199,40.9,40,26.7,737500,24854,7987,2025,2025,2025,2024,2025
4626,Øygarden,40105,300,134,40.3,40,27.8,778200,22582,10169,2025,2025,2025,2024,2025
1106,Haugesund,38441,68,562,41.8,41,36.6,636300,19892,6504,2025,2025,2025,2024,2025
4001,Porsgrunn,37289,161,232,43.3,43,33.3,661400,20883,7233,2025,2025,2025,2024,2025
3411,Ringsaker,35911,1123,32,43.4,44,27.8,658800,23174,4809,2025,2025,2025,2024,2025
3403,Hamar,33441,338,99,43.7,43,43.1,639200,19578,5560,2025,2025,2025,2024,2025
1506,Molde,33163,1435,23,42.8,42,39.2,680200,19712,5727,2025,2025,2025,2024,2025
3101,Halden,32038,595,54,43.7,44,31.0,624100,18581,4885,2025,2025,2025,2024,2025
3305,Ringerike,31793,1422,22,43.9,44,29.7,616900,19205,5000,2025,2025,2025,2024,2025
3407,Gjøvik,31175,629,50,43.1,42,33.8,622900,18268,4028,2025,2025,2025,2024,2025
4627,Askøy,30377,94,322,39.5,39,32.3,826600,15918,8399,2025,2025,2025,2024,2025
4631,Alver,30169,651,46,41.6,41,27.7,754100,17401,6260,2025,2025,2025,2024,2025
1124,Sola,29153,69,424,38.8,38,40.9,838300,17190,7004,2025,2025,2025,2024,2025
3303,Kongsberg,29011,754,38,42.8,42,41.0,686900,16820,4369,2025,2025,2025,2024,2025
3405,Lillehammer,29011,451,64,43.1,42,44.3,665000,15676,3857,2025,2025,2025,2024,2025
3312,Lier,28642,282,102,41.2,41,39.6,761700,16260,6087,2025,2025,2025,2024,2025
3240,Eidsvoll,28352,386,74,40.4,40,30.2,700400,15833,4101,2025,2025,2025,2024,2025
3901,Horten,28039,69,406,43.9,44,35.8,644100,14814,4314,2025,2025,2025,2024,2025
3911,Færder,27569,100,276,44.6,46,40.8,704500,15296,5199,2025,2025,2025,2024,2025
3903,Holmestrand,27005,412,66,43,43,31.4,700300,16023,4601,2025,2025,2025,2024,2025
4624,Bjørnafjorden,26342,487,54,40.6,40,33.4,771700,14468,6257,2025,2025,2025,2024,2025
3232,Nittedal,26023,179,145,40.2,41,39.8,825200,13317,5498,2025,2025,2025,2024,2025
1833,Rana - Raane,25927,4203,6,43.5,43,29.1,684300,15340,2990,2025,2025,2025,2024,2025
4202,Grimstad,25419,272,93,40.3,38,38.0,676700,14545,4280,2025,2025,2025,2024,2025
5503,Harstad - Hárstták,25167,428,59,43.2,42,35.6,663500,14036,3502,2025,2025,2025,2024,2025
5035,Stjørdal,24927,913,27,42.2,42,31.3,693200,14669,4606,2025,2025,2025,2024,2025
3228,Nes,24897,612,41,41.4,41,26.3,723300,15250,4154,2025,2025,2025,2024,2025
1505,Kristiansund,24578,86,285,43.6,43,30.4,634200,13332,3869,2025,2025,2025,2024,2025
5006,Steinkjer,24064,1937,12,44,44,30.0,645600,14258,3743,2025,2025,2025,2024,2025
4205,Lindesnes,23768,883,27,42.5,42,30.1,654400,13249,3564,2025,2025,2025,2024,2025
4647,Sunnfjord,22662,2065,11,40.7,39,36,735300,13200,3783,2025,2025,2025,2024,2025
3218,Ås,22344,101,222,39.1,37,48.4,716800,10583,3994,2025,2025,2025,2024,2025
3420,Elverum,21899,1209,18,43.1,43,33.1,632700,12983,2672,2025,2025,2025,2024,2025
5601,Alta,21877,3651,6,39,37,34.8,722600,12702,1892,2025,2025,2025,2024,2025
3413,Stange,21691,641,34,43.1,43,33.5,668200,13558,3082,2025,2025,2025,2024,2025
1806,Narvik,21591,3195,7,44.2,44,32.4,654100,12349,3511,2025,2025,2025,2024,2025
1120,Klepp,21186,102,207,38.2,37,28.1,790400,12650,3591,2025,2025,2025,2024,2025
3314,Øvre Eiker,20861,418,50,42,42,28.8,681500,12619,3209,2025,2025,2025,2024,2025
5037,Levanger - Levangke,20732,610,34,42.1,41,37.8,689900,12155,2875,2025,2025,2025,2024,2025
3212,Nesodden,20698,61,341,41.8,43,51.0,792400,8966,3063,2025,2025,2025,2024,2025
3224,Rælingen,20509,56,363,38.9,38,36.5,739500,9591,3783,2025,2025,2025,2024,2025
1121,Time,20157,171,118,39.1,38,33.3,772500,11337,3609,2025,2025,2025,2024,2025
1119,Hå,20067,248,81,38.6,37,24,744100,11095,2754,2025,2025,2025,2024,2025
3216,Vestby,19855,134,149,41.2,41,37.7,764200,10775,4187,2025,2025,2025,2024,2025
4614,Stord,19350,137,141,41,40,34.0,736800,9952,3579,2025,2025,2025,2024,2025
5059,Orkland,18798,1818,10,43.7,44,24.4,672100,11599,2793,2025,2025,2025,2024,2025
3226,Aurskog-Høland,18314,1053,17,43.4,44,22.6,672600,11257,2509,2025,2025,2025,2024,2025
3401,Kongsvinger,18109,953,19,45.5,47,27.5,601200,10896,2092,2025,2025,2025,2024,2025
5028,Melhus,17812,653,27,40.8,40,27.4,726400,10462,3437,2025,2025,2025,2024,2025
4602,Kinn,17419,763,23,42.2,42,29.1,706500,9451,2174,2025,2025,2025,2024,2025
3238,Nannestad,16505,324,51,38.9,38,26.8,719600,9407,2840,2025,2025,2025,2024,2025
4621,Voss,16436,1958,8,42.9,42,33.5,708700,8868,2021,2025,2025,2025,2024,2025
3214,Frogn,16337,85,193,45.1,48,41.3,748300,8992,3638,2025,2025,2025,2024,2025
4223,Vennesla,15622,362,43,40.1,39,23.9,656300,8470,2391,2025,2025,2025,2024,2025
5038,Verdal,15412,1475,10,43.1,43,26.3,646200,9620,2053,2025,2025,2025,2024,2025
1101,Eigersund,15375,387,40,41.6,41,27.5,707300,8383,2078,2025,2025,2025,2024,2025
5007,Namsos - Nåavmesjenjaelmie,15154,1998,8,43.2,43,31.5,657100,8839,2193,2025,2025,2025,2024,2025
5031,Malvik,15023,162,93,39.7,39,39.8,795000,8303,3598,2025,2025,2025,2024,2025
5530,Senja,14948,1861,8,43.6,43,25.9,644200,9240,1381,2025,2025,2025,2024,2025
3442,Østre Toten,14827,485,31,44.9,46,27.1,647700,10546,1789,2025,2025,2025,2024,2025
3316,Modum,14664,463,32,43.9,44,24.9,632100,9244,2004,2025,2025,2025,2024,2025
4012,Bamble,14310,282,51,44.4,45,26.8,711400,8483,2519,2025,2025,2025,2024,2025
1130,Strand,13813,235,59,39.5,38,28.9,747600,7117,2510,2025,2025,2025,2024,2025
3446,Gran,13660,657,21,45.3,47,25.4,667400,8629,2086,2025,2025,2025,2024,2025
3443,Vestre Toten,13649,233,59,44.1,45,25.0,629400,9047,1553,2025,2025,2025,2024,2025
1824,Vefsn,13475,1838,7,43.9,44,28.0,649400,8321,2240,2025,2025,2025,2024,2025
1579,Hustadvika,13460,508,27,42.4,42,24.0,698700,9351,2176,2025,2025,2025,2024,2025
4005,Notodden,13333,912,15,44.1,44,30.1,622200,7945,1862,2025,2025,2025,2024,2025
4617,Kvinnherad,13175,1042,13,44.1,45,26.7,708500,7735,1937,2025,2025,2025,2024,2025
1122,Gjesdal,12536,558,22,37.7,37,28.3,806800,6940,2171,2025,2025,2025,2024,2025
4640,Sogndal,12496,1229,10,40.3,38,43.5,715100,6843,1461,2025,2025,2025,2024,2025
4613,Bømlo,12365,236,53,41.3,41,27.4,755900,7021,2712,2025,2025,2025,2024,2025
1127,Randaberg,11795,24,489,40,39,36.1,811500,6232,2542,2025,2025,2025,2024,2025
4215,Lillesand,11734,180,65,42.2,42,36.4,724800,6337,2302,2025,2025,2025,2024,2025
1146,Tysvær,11715,400,29,39.7,39,28.7,781700,6848,2046,2025,2025,2025,2024,2025
1860,Vestvågøy,11582,407,28,42.2,41,29.4,657800,7159,1100,2025,2025,2025,2024,2025
3220,Enebakk,11549,195,59,41.2,42,26.9,739000,6433,2005,2025,2025,2025,2024,2025
5603,Hammerfest - Hámmerfeasta,11324,2558,4,41.5,40,31.9,681600,5677,845,2025,2025,2025,2024,2025
4020,Midt-Telemark,11135,487,23,41.9,40,35.5,618900,6560,1462,2025,2025,2025,2024,2025
1577,Volda,11131,834,13,41.2,39,41.9,671000,6276,1477,2025,2025,2025,2024,2025
1520,Ørsta,11055,650,17,42.5,42,30.1,701100,7134,1545,2025,2025,2025,2024,2025
4618,Ullensvang,10981,2962,4,45.3,46,28.1,685300,6196,1239,2025,2025,2025,2024,2025
4225,Lyngdal,10869,606,18,40.2,39,25.6,681600,6413,1371,2025,2025,2025,2024,2025
1870,Sortland - Suortá,10781,697,15,42.2,41,29.1,656100,6611,1464,2025,2025,2025,2024,2025
5057,Ørland,10627,429,25,42.8,41,24.9,657700,6853,1418,2025,2025,2025,2024,2025
4014,Kragerø,10446,289,36,46.6,49,29.1,615000,5633,1430,2025,2025,2025,2024,2025
5054,Indre Fosen,10042,1030,10,44.8,46,24.5,652000,6438,1472,2025,2025,2025,2024,2025
5605,Sør-Varanger,9963,3459,3,43.2,43,33.5,657700,6060,678,2025,2025,2025,2024,2025
5060,Nærøysund,9921,1286,8,41.6,41,23.2,676500,6015,936,2025,2025,2025,2024,2025
4206,Farsund,9880,252,39,43.3,44,25.6,668600,6068,1198,2025,2025,2025,2024,2025
1865,Vågan,9871,460,21,43.1,43,31.3,611200,5367,870,2025,2025,2025,2024,2025
1841,Fauske - Fuossko,9805,1107,9,44.8,45,26.8,660300,6158,1028,2025,2025,2025,2024,2025
1531,Sula,9759,57,171,39.8,39,31.0,743800,5509,1777,2025,2025,2025,2024,2025
4649,Stad,9655,695,14,43.1,43,30.6,707800,5742,1055,2025,2025,2025,2024,2025
3234,Lunner,9420,272,35,43.3,44,30.0,710800,5595,1624,2025,2025,2025,2024,2025
1580,Haram,9409,254,37,43.5,44,26.5,701100,5699,1587,2025,2025,2025,2024,2025
4207,Flekkefjord,9329,482,19,42.9,43,29.6,667500,5230,1021,2025,2025,2025,2024,2025
1160,Vindafjord,9069,599,15,41.7,41,26.8,715400,5648,1434,2025,2025,2025,2024,2025
1515,Herøy (Møre og Romsdal),9031,118,77,43.1,43,25.4,737000,5552,1597,2025,2025,2025,2024,2025
1516,Ulstein,8862,95,93,41.2,41,36.6,736500,5181,1764,2025,2025,2025,2024,2025
1532,Giske,8773,40,220,40,39,31.8,810000,6472,2455,2025,2025,2025,2024,2025
3120,Rakkestad,8527,421,20,43.5,44,22.6,663900,5366,1100,2025,2025,2025,2024,2025
5029,Skaun,8521,213,40,39.7,39,31.1,807200,5048,1804,2025,2025,2025,2024,2025
4622,Kvam,8517,580,15,44,44,30.4,720100,4838,1192,2025,2025,2025,2024,2025
1866,Hadsel,8400,551,15,44,44,30.4,640000,4855,889,2025,2025,2025,2024,2025
4630,Osterøy,8172,244,34,42.4,42,24.3,710700,4744,1422,2025,2025,2025,2024,2025
3415,Sør-Odal,8150,479,17,45.3,47,23.5,671000,5537,1065,2025,2025,2025,2024,2025
3412,Løten,7931,362,22,43.6,44,25.4,658000,10569,4170,2025,2025,2025,2024,2025
3112,Råde,7850,105,74,43.7,44,29.9,719500,4825,1437,2025,2025,2025,2024,2025
1813,Brønnøy,7838,999,8,43.3,44,27.9,646300,4545,710,2025,2025,2025,2024,2025
1528,Sykkylven,7626,329,23,44.2,45,28.8,688700,4578,1059,2025,2025,2025,2024,2025
1820,Alstahaug,7465,187,40,43.8,43,31.4,651000,4081,896,2025,2025,2025,2024,2025
3230,Gjerdrum,7453,82,91,41.8,43,32.9,789900,4328,1699,2025,2025,2025,2024,2025
5021,Oppdal,7408,2201,3,43.2,43,29.7,647000,4294,746,2025,2025,2025,2024,2025
4651,Stryn,7311,1326,6,42.6,42,29.6,666000,4621,798,2025,2025,2025,2024,2025
3418,Åsnes,7247,1004,7,48,51,22.5,580400,5354,487,2025,2025,2025,2024,2025
1535,Vestnes,7242,399,18,44.1,45,24.1,653700,4614,1021,2025,2025,2025,2024,2025
1539,Rauma,7196,1390,5,43.9,44,27.9,658700,4365,848,2025,2025,2025,2024,2025
1563,Sunndal,7193,1648,4,44.4,45,28.1,663200,4423,801,2025,2025,2025,2024,2025
3310,Hole,7065,135,52,42.7,44,42.4,762000,4526,1703,2025,2025,2025,2024,2025
3236,Jevnaker,7043,194,36,43.7,44,27.7,665200,4290,1300,2025,2025,2025,2024,2025
5053,Inderøy,7031,351,20,43.3,43,33.8,708600,4506,1186,2025,2025,2025,2024,2025
5524,Målselv,6794,3203,2,42.3,40,28.6,646500,4608,588,2025,2025,2025,2024,2025
4201,Risør,6687,171,39,46.6,49,30.1,611600,3674,884,2025,2025,2025,2024,2025
4018,Nome,6558,385,17,44.8,46,27.4,633700,4222,793,2025,2025,2025,2024,2025
3448,Nordre Land,6544,920,7,45.7,48,21.1,591700,4367,479,2025,2025,2025,2024,2025
3421,Trysil,6542,2941,2,46.7,49,24.9,578300,4085,453,2025,2025,2025,2024,2025
4213,Tvedestrand,6464,212,30,44.8,46,28.6,628000,3752,784,2025,2025,2025,2024,2025
3451,Nord-Aurdal,6455,849,8,45.5,47,26.9,597600,4365,687,2025,2025,2025,2024,2025
4214,Froland,6260,601,10,40.3,39,24.4,694000,3885,688,2025,2025,2025,2024,2025
3441,Gausdal,6174,1146,5,45.5,47,25.3,640000,4241,563,2025,2025,2025,2024,2025
4227,Kvinesdal,6163,886,7,42.4,42,23.3,662900,3759,571,2025,2025,2025,2024,2025
3114,Våler (Østfold),6162,239,26,39.7,40,28.3,752900,3745,1183,2025,2025,2025,2024,2025
5027,Midtre Gauldal,6141,1803,3,42.8,42,21.5,662800,3660,751,2025,2025,2025,2024,2025
5055,Heim,6134,980,6,45,46,22.8,646300,3790,781,2025,2025,2025,2024,2025
1837,Meløy,6104,798,8,44.6,45,22.0,667300,3628,746,2025,2025,2025,2024,2025
3416,Eidskog,6059,603,10,48.1,52,19.6,576100,4264,470,2025,2025,2025,2024,2025
1554,Averøy,5992,173,35,44,45,27.6,711800,3801,1317,2025,2025,2025,2024,2025
1566,Surnadal,5950,1315,5,45,46.5,26.8,647000,3938,742,2025,2025,2025,2024,2025
4650,Gloppen,5936,963,6,43.3,43,35.6,712700,3501,773,2025,2025,2025,2024,2025
5607,Vadsø,5777,1233,5,43.7,44,35.8,649000,3485,430,2025,2025,2025,2024,2025
4612,Sveio,5752,224,26,41.5,41,27.6,742900,3523,1028,2025,2025,2025,2024,2025
3427,Tynset,5722,1822,3,43.5,43,34.2,650900,3576,476,2025,2025,2025,2024,2025
5025,Røros - Rosse,5681,1756,3,45.9,48,32.3,636100,3354,445,2025,2025,2025,2024,2025
5014,Frøya,5655,230,25,40.6,38,25.3,623400,3235,708,2025,2025,2025,2024,2025
3437,Sel,5623,888,6,46.3,49,23.7,605200,3646,464,2025,2025,2025,2024,2025
3447,Søndre Land,5597,659,8,46.3,49,24.3,601500,3644,462,2025,2025,2025,2024,2025
5532,Balsfjord,5595,1440,4,45.7,48,21.5,618000,3719,534,2025,2025,2025,2024,2025
3436,Nord-Fron,5553,1092,5,46.4,49,23.7,606400,3690,544,2025,2025,2025,2024,2025
4026,Tinn,5529,1848,3,47,50,25.2,614100,3109,591,2025,2025,2025,2024,2025
4625,Austevoll,5437,114,48,40.4,40,27.3,822100,2869,1409,2025,2025,2025,2024,2025
4644,Luster,5432,2597,2,42.9,42,32.1,694600,3332,672,2025,2025,2025,2024,2025
5056,Hitra,5414,715,8,42.8,42,24.4,619000,3243,707,2025,2025,2025,2024,2025
4216,Birkenes,5413,596,9,39.8,39,25.8,690700,3050,731,2025,2025,2025,2024,2025
1517,Hareid,5320,77,69,41.6,41,27.6,687100,3092,796,2025,2025,2025,2024,2025
4643,Årdal,5213,930,6,45.4,47,26.1,685200,3101,767,2025,2025,2025,2024,2025
3440,Øyer,5134,616,8,44.1,45,28.3,644100,3218,611,2025,2025,2025,2024,2025
3414,Nord-Odal,5006,475,11,47.6,51,20.9,610600,3491,476,2025,2025,2025,2024,2025
3324,Gol,4888,514,10,44.7,46,25.6,599900,2952,558,2025,2025,2025,2024,2025
3328,Ål,4835,1081,4,44.8,46,31.0,662000,2923,596,2025,2025,2025,2024,2025
1840,Saltdal,4822,2084,2,45.1,46,26.2,652800,2933,339,2025,2025,2025,2024,2025
5544,Nordreisa - Ráisa - Raisi,4810,3334,1,44.1,44,28.3,662100,2913,394,2025,2025,2025,2024,2025
3110,Hvaler,4777,90,53,50.1,55,32.5,719600,2785,1056,2025,2025,2025,2024,2025
1868,Øksnes,4628,311,15,44.4,44.5,22.2,597200,2641,392,2025,2025,2025,2024,2025
1135,Sauda,4600,508,9,43.4,44,26.8,670600,2363,432,2025,2025,2025,2024,2025
1871,Andøy,4542,617,7,46.3,48,26.6,637900,2836,441,2025,2025,2025,2024,2025
3330,Hol,4527,1653,3,45.4,46,29.8,611700,2581,494,2025,2025,2025,2024,2025
3417,Grue,4513,777,6,49.4,53,21.4,570400,3382,326,2025,2025,2025,2024,2025
1832,Hemnes,4485,1430,3,45.3,46,23.5,637500,2773,443,2025,2025,2025,2024,2025
3439,Ringebu,4447,1221,4,45.7,47,25.0,618000,2900,423,2025,2025,2025,2024,2025
1525,Stranda,4380,844,5,45.2,45,27.5,691200,2695,582,2025,2025,2025,2024,2025
5058,Åfjord,4342,1251,3,45.1,48,22.4,661400,2869,513,2025,2025,2025,2024,2025
5032,Selbu,4233,1140,4,44.8,46,26.2,678100,2836,510,2025,2025,2025,2024,2025
5512,Dielddanuorri - Tjeldsund,4209,775,5,47.3,50,26.3,647800,2806,527,2025,2025,2025,2024,2025
3422,Åmot,4205,1293,3,44.6,44,25.4,591000,2631,349,2025,2025,2025,2024,2025
4611,Etne,4093,691,6,43.3,44,26.1,717600,2460,521,2025,2025,2025,2024,2025
4016,Drangedal,4067,995,4,44.6,46,22.3,613200,2514,373,2025,2025,2025,2024,2025
5520,Bardu,3961,2514,2,41.8,39,31.0,668300,2414,382,2025,2025,2025,2024,2025
3116,Skiptvet,3956,93,43,42.4,42,21.6,673200,2432,542,2025,2025,2025,2024,2025
5047,Overhalla,3946,689,6,40.8,39,30.1,711700,2294,591,2025,2025,2025,2024,2025
1134,Suldal,3939,1582,2,43,44,28.1,733000,2220,450,2025,2025,2025,2024,2025
5622,Porsanger - Porsángu - Porsanki,3896,4641,1,45.4,47,30.0,653000,2500,230,2025,2025,2025,2024,2025
4638,Høyanger,3894,928,4,46.7,49,24.9,651100,2348,462,2025,2025,2025,2024,2025
4628,Vaksdal,3875,682,6,44.2,44,25.7,655500,2073,509,2025,2025,2025,2024,2025
4036,Vinje,3861,2725,1,44.2,44,30.6,635900,2329,356,2025,2025,2025,2024,2025
4219,Evje og Hornnes,3828,549,7,42.2,42,26.4,628800,2206,433,2025,2025,2025,2024,2025
1547,Aukra,3759,61,62,41.7,41,30.1,713800,2276,604,2025,2025,2025,2024,2025
3122,Marker,3655,368,10,46.5,49,23.3,616200,2436,493,2025,2025,2025,2024,2025
3419,Våler (Innlandet),3559,678,5,48.3,52,21.4,568200,2623,289,2025,2025,2025,2024,2025
5526,Sørreisa,3533,347,10,42.7,43,28.6,661500,2340,355,2025,2025,2025,2024,2025
3332,Sigdal,3530,811,4,46.7,49,21.4,632300,2389,318,2025,2025,2025,2024,2025
3435,Vågå,3529,1252,3,45.9,48,24.6,639500,2320,326,2025,2025,2025,2024,2025
1576,Aure,3394,622,5,46.8,49,25.1,642100,2127,364,2025,2025,2025,2024,2025
1111,Sokndal,3371,267,13,42.5,43,21,691500,1897,353,2025,2025,2025,2024,2025
4648,Bremanger,3361,786,4,46.8,49,23.9,676900,1898,394,2025,2025,2025,2024,2025
3453,Øystre Slidre,3311,886,4,45.4,47,29.1,617000,2296,231,2025,2025,2025,2024,2025
3322,Nesbyen,3266,772,4,47.3,50,27.2,629000,2034,386,2025,2025,2025,2024,2025
1112,Lund,3259,354,9,41.9,42,22.8,700800,1823,332,2025,2025,2025,2024,2025
4615,Fitjar,3208,135,24,42.4,43,25.2,774700,1904,605,2025,2025,2025,2024,2025
3438,Sør-Fron,3128,712,4,45.2,47,24.6,615200,2170,299,2025,2025,2025,2024,2025
1560,Tingvoll,3077,322,10,45.8,48,27.5,647300,1912,363,2025,2025,2025,2024,2025
1511,Vanylven,3048,365,8,48.4,52,24.1,670600,2086,343,2025,2025,2025,2024,2025
3242,Hurdal,3022,261,12,43.8,44,25.3,623500,1858,383,2025,2025,2025,2024,2025
4616,Tysnes,2986,245,12,45,45,27.4,665600,1736,420,2025,2025,2025,2024,2025
4022,Seljord,2981,669,4,44.8,46,29.1,635100,1814,359,2025,2025,2025,2024,2025
5620,Nordkapp,2956,892,3,45.5,47,25.4,621100,1422,140,2025,2025,2025,2024,2025
4645,Askvoll,2930,313,9,46.1,48,28.0,683200,1613,325,2025,2025,2025,2024,2025
4646,Fjaler,2924,390,7,41.8,40,31.7,597600,1563,411,2025,2025,2025,2024,2025
4632,Austrheim,2915,57,51,44.5,45,21.6,740200,1804,511,2025,2025,2025,2024,2025
1114,Bjerkreim,2905,577,5,40.1,39,23.9,842900,1790,392,2025,2025,2025,2024,2025
5510,Kvæfjord,2852,497,6,45.6,47.5,30.1,663400,1766,323,2025,2025,2025,2024,2025
5612,Guovdageaidnu - Kautokeino,2852,8972,0,42.3,43,33.3,691100,1605,113,2025,2025,2025,2024,2025
3449,Sør-Aurdal,2822,1068,3,47.4,50,23.5,583200,1955,302,2025,2025,2025,2024,2025
5628,Deatnu - Tana,2798,3832,1,46,49,27.1,623900,1792,180,2025,2025,2025,2024,2025
3334,Flesberg,2797,538,5,44.1,44,24.1,691700,1858,274,2025,2025,2025,2024,2025
1875,Hábmer - Hamarøy,2786,1838,2,46.4,47,29.1,624000,1604,232,2025,2025,2025,2024,2025
5542,Skjervøy,2784,465,6,43.6,43,23.3,617400,1373,181,2025,2025,2025,2024,2025
5536,Lyngen,2734,795,3,48.3,51,24.3,647900,1739,197,2025,2025,2025,2024,2025
1557,Gjemnes,2708,371,7,43.6,43.5,26.7,674500,1718,359,2025,2025,2025,2024,2025
3326,Hemsedal,2685,712,4,41.6,41,37.0,631100,1568,418,2025,2025,2025,2024,2025
1133,Hjelmeland,2681,948,3,43,43,29.5,733500,1428,408,2025,2025,2025,2024,2025
1848,Steigen,2662,964,3,45.5,47,27.7,633700,1698,224,2025,2025,2025,2024,2025
5036,Frosta,2661,74,36,45.1,47,25.9,664600,1698,433,2025,2025,2025,2024,2025
1867,Bø,2617,235,11,49.3,53,22.0,563600,1643,229,2025,2025,2025,2024,2025
4639,Vik,2550,795,3,46.2,48,28.1,687200,1510,252,2025,2025,2025,2024,2025
5610,Kárášjohka - Karasjok,2524,5211,0,44.2,45,37.1,682200,1441,108,2025,2025,2025,2024,2025
3431,Dovre,2516,1349,2,47.6,50,23.7,588400,1581,194,2025,2025,2025,2024,2025
5022,Rennebu,2513,924,3,45.8,49,21.3,635600,1590,274,2025,2025,2025,2024,2025
3428,Alvdal,2509,919,3,42.9,43,25.4,665800,1636,223,2025,2025,2025,2024,2025
1578,Fjord,2506,1143,2,46.3,49,28.8,677700,1587,336,2025,2025,2025,2024,2025
4211,Gjerstad,2492,308,8,45.6,48,20.3,600300,1604,269,2025,2025,2025,2024,2025
4623,Samnanger,2491,257,10,44.3,45,26.0,744000,1482,442,2025,2025,2025,2024,2025
4028,Kviteseid,2473,623,4,46.5,49,31.0,643000,1562,270,2025,2025,2025,2024,2025
5034,Meråker,2472,1188,2,45.1,47,24.7,586600,1508,262,2025,2025,2025,2024,2025
3338,Nore og Uvdal,2466,2266,1,46.7,49.5,23.7,609300,1740,192,2025,2025,2025,2024,2025
1514,Sande,2435,90,27,45.8,48,23.4,646900,1414,326,2025,2025,2025,2024,2025
4010,Siljan,2389,202,12,43.9,44,28.8,755500,1518,374,2025,2025,2025,2024,2025
1822,Leirfjord,2354,451,5,42.9,43,26.9,667100,1450,352,2025,2025,2025,2024,2025
5045,Grong,2314,1095,2,45.5,47,28.4,619100,1358,238,2025,2025,2025,2024,2025
4212,Vegårshei,2285,322,7,41.9,42,28.3,673200,1322,220,2025,2025,2025,2024,2025
4635,Gulen,2260,577,4,45.3,46,27.4,682200,1392,250,2025,2025,2025,2024,2025
3423,Stor-Elvdal,2250,2127,1,50.1,54,27.0,521800,1420,91,2025,2025,2025,2024,2025
4034,Tokke,2238,905,2,45.1,47,29.3,646400,1433,248,2025,2025,2025,2024,2025
3318,Krødsherad,2235,340,7,45.1,46,26.1,590500,1410,286,2025,2025,2025,2024,2025
5534,Karlsøy,2223,1051,2,48.7,52,21.6,615700,1293,168,2025,2025,2025,2024,2025
3434,Lom,2215,1887,1,46.1,48,26.8,642600,1617,147,2025,2025,2025,2024,2025
4642,Lærdal,2188,1275,2,44.8,47,31.4,703200,1361,267,2025,2025,2025,2024,2025
3433,Skjåk,2179,1965,1,47.3,50,24.3,642600,1642,145,2025,2025,2025,2024,2025
1573,Smøla,2168,261,8,46.3,49,23.5,625200,1197,236,2025,2025,2025,2024,2025
3452,Vestre Slidre,2142,415,5,45,46.5,28.0,641600,1582,208,2025,2025,2025,2024,2025
5041,Snåase - Snåsa,2138,2146,1,44.5,45,32.5,661000,1221,245,2025,2025,2025,2024,2025
5522,Salangen,2116,438,5,45.5,48,28.6,592900,1303,216,2025,2025,2025,2024,2025
5632,Båtsfjord,2107,1417,1,42.8,42,21.2,592700,991,76,2025,2025,2025,2024,2025
1851,Lødingen,2067,508,4,49.3,53,25.4,584000,1071,170,2025,2025,2025,2024,2025
5026,Holtålen,2048,1171,2,46.9,50,23.9,657600,1273,154,2025,2025,2025,2024,2025
3432,Lesja,2006,2167,1,45.8,48,27.5,675500,1284,164,2025,2025,2025,2024,2025
1838,Gildeskål,2003,622,3,47.5,50,28.2,617000,1182,206,2025,2025,2025,2024,2025
5634,Vardø,1982,585,3,46.7,49,25.9,527000,959,56,2025,2025,2025,2024,2025
1812,Sømna,1979,192,10,45.2,47,25.4,605700,1313,217,2025,2025,2025,2024,2025
5540,Gáivuotna - Kåfjord - Kaivuono,1955,950,2,48.5,52,23.9,591800,1251,91,2025,2025,2025,2024,2025
1834,Lurøy,1948,258,8,45.9,46,24.9,623000,884,120,2025,2025,2025,2024,2025
5061,Rindal,1937,612,3,45.8,48,24.6,674700,1271,186,2025,2025,2025,2024,2025
4228,Sirdal,1902,1373,1,41.9,41,30.0,701200,1258,262,2025,2025,2025,2024,2025
3430,Os,1895,1007,2,46.7,50,29.4,644800,1308,106,2025,2025,2025,2024,2025
1818,Herøy (Nordland),1888,64,30,44.6,44,22.1,626400,1023,113,2025,2025,2025,2024,2025
1845,Sørfold - Fuolldá,1851,1471,1,47.5,51,21.7,638300,1192,144,2025,2025,2025,2024,2025
3424,Rendalen,1846,3061,1,49.8,54,25.7,522200,1280,88,2025,2025,2025,2024,2025
4641,Aurland,1836,1376,1,43.8,41,32.7,638800,1089,229,2025,2025,2025,2024,2025
5538,Storfjord - Omasvuotna - Omasvuono,1829,1477,1,46.9,49,26.4,631800,1259,125,2025,2025,2025,2024,2025
4226,Hægebostad,1786,424,4,40.7,40,25.9,729600,1153,180,2025,2025,2025,2024,2025
4217,Åmli,1778,1058,2,44.8,47,25.6,606500,1120,146,2025,2025,2025,2024,2025
1828,Nesna,1770,181,10,44.3,45,33.8,607300,904,144,2025,2025,2025,2024,2025
4634,Masfjorden,1687,509,3,45.8,47,21.8,743500,1060,221,2025,2025,2025,2024,2025
3454,Vang,1648,1309,1,45,46,30.7,642900,1091,133,2025,2025,2025,2024,2025
4024,Hjartdal,1646,737,2,44.9,47,25.2,670900,1011,120,2025,2025,2025,2024,2025
3426,Tolga,1606,1097,1,43,43,35.3,646200,970,125,2025,2025,2025,2024,2025
3429,Folldal,1540,1260,1,49,52,29.6,607900,1038,95,2025,2025,2025,2024,2025
4030,Nissedal,1486,786,2,45.6,48,27.5,663800,935,136,2025,2025,2025,2024,2025
1827,Dønna,1447,186,8,46.3,49,26.7,629400,807,108,2025,2025,2025,2024,2025
1825,Grane,1430,1881,1,47.1,49,20.9,620900,876,155,2025,2025,2025,2024,2025
3336,Rollag,1414,430,3,47.5,50,26.9,596100,939,116,2025,2025,2025,2024,2025
4218,Iveland,1399,246,6,39.7,39,19.3,677100,825,159,2025,2025,2025,2024,2025
1811,Bindal,1374,1192,1,48.2,52,23.4,591000,842,117,2025,2025,2025,2024,2025
1853,Evenes - Evenášši,1362,241,6,48,50,27.4,623900,963,191,2025,2025,2025,2024,2025
3124,Aremark,1346,282,5,46.4,50,24.0,659400,913,178,2025,2025,2025,2024,2025
3425,Engerdal,1326,1916,1,49.1,53,25.1,618100,849,77,2025,2025,2025,2024,2025
5042,Lierne,1316,2630,1,46.9,50,25.4,668600,812,98,2025,2025,2025,2024,2025
5514,Ibestad,1301,234,6,50.6,55,23.6,563300,775,97,2025,2025,2025,2024,2025
4637,Hyllestad,1281,248,5,48.6,51,25.9,604200,772,141,2025,2025,2025,2024,2025
1826,Aarborte - Hattfjelldal,1274,2411,1,47.6,51,21.5,613200,777,63,2025,2025,2025,2024,2025
1859,Flakstad,1266,169,7,46.5,47,25.2,600300,763,113,2025,2025,2025,2024,2025
4032,Fyresdal,1256,1107,1,45.7,48,29.5,625400,852,93,2025,2025,2025,2024,2025
3450,Etnedal,1254,443,3,48.4,52,26.3,544500,878,104,2025,2025,2025,2024,2025
5624,Lebesby,1238,3231,0,45.9,48,24.2,549900,567,45,2025,2025,2025,2024,2025
5046,Høylandet,1235,703,2,45.1,47,32.9,665100,799,217,2025,2025,2025,2024,2025
1815,Vega,1207,163,7,47.4,52,25.4,618400,687,94,2025,2025,2025,2024,2025
4221,Valle,1205,1130,1,44.8,45,29.0,695600,789,118,2025,2025,2025,2024,2025
4220,Bygland,1162,1150,1,45.8,48,31.5,603600,774,104,2025,2025,2025,2024,2025
1836,Rødøy,1160,686,2,45.1,47,23.3,654500,643,81,2025,2025,2025,2024,2025
5546,Kvænangen,1131,2008,1,48.6,52,23.0,594000,743,76,2025,2025,2025,2024,2025
5049,Flatanger,1121,434,3,46.7,50,30.2,648700,744,108,2025,2025,2025,2024,2025
3320,Flå,1117,671,2,44.9,45,25.8,565200,627,133,2025,2025,2025,2024,2025
4620,Ulvik,1100,663,2,45.1,46,33.3,700300,558,114,2025,2025,2025,2024,2025
5618,Måsøy,1098,1068,1,48.4,50,20.7,571700,460,35,2025,2025,2025,2024,2025
5528,Dyrøy,1069,277,4,48.7,52,22.7,601900,727,87,2025,2025,2025,2024,2025
5516,Gratangen - Rivtták,1062,306,3,47.7,51,23.4,579400,639,121,2025,2025,2025,2024,2025
1839,Beiarn,1059,1178,1,49.2,53,20.7,559300,646,70,2025,2025,2025,2024,2025
5626,Gamvik,1051,1355,1,46.1,47,20.9,503600,439,22,2025,2025,2025,2024,2025
4222,Bykle,1039,1254,1,42.7,42,35.0,588400,565,112,2025,2025,2025,2024,2025
5518,Loabák - Lavangen,985,296,3,46.2,49,25.6,640800,612,96,2025,2025,2025,2024,2025
5616,Hasvik,977,534,2,45.5,46,21.3,550400,471,38,2025,2025,2025,2024,2025
1874,Moskenes,969,110,9,48.5,48,22.9,520900,493,52,2025,2025,2025,2024,2025
4619,Eidfjord,967,1388,1,45.4,48,29.7,708000,555,144,2025,2025,2025,2024,2025
4224,Åseral,915,797,1,42.5,44,23.2,687100,544,95,2025,2025,2025,2024,2025
1145,Bokn,893,45,20,43.9,45,22.9,763000,549,160,2025,2025,2025,2024,2025
5020,Osen,891,370,2,48.6,52,21.1,609700,589,96,2025,2025,2025,2024,2025
5630,Berlevåg,890,1083,1,47.1,50,18.3,560900,399,35,2025,2025,2025,2024,2025
5636,Unjárga - Nesseby,868,1363,1,48.4,51,29.4,594400,578,77,2025,2025,2025,2024,2025
5614,Loppa,864,671,1,49,51,23.7,544000,434,33,2025,2025,2025,2024,2025
5044,Namsskogan,811,1353,1,47.3,51,19.7,580800,516,44,2025,2025,2025,2024,2025
5033,Tydal,786,1217,1,49.1,53,25.8,639100,482,75,2025,2025,2025,2024,2025
4636,Solund,740,219,3,48.6,52,24.3,720900,385,75,2025,2025,2025,2024,2025
1857,Værøy,677,19,36,45.9,49,16.7,527400,309,45,2025,2025,2025,2024,2025
5052,Leka,593,108,5,47.4,52,23.1,665800,356,38,2025,2025,2025,2024,2025
1144,Kvitsøy,570,6,91,44.5,46.5,28.3,793300,271,73,2025,2025,2025,2024,2025
4633,Fedje,521,9,58,46.1,48,26.1,685200,230,57,2025,2025,2025,2024,2025
1816,Vevelstad,470,516,1,47.3,50,24.7,642900,265,44,2025,2025,2025,2024,2025
1835,Træna,463,16,28,43,44,27.8,559500,137,10,2025,2025,2025,2024,2025
1856,Røst,458,10,47,47.9,52,18.5,595300,226,50,2025,2025,2025,2024,2025
5043,Raarvihke - Røyrvik,443,1330,0,47,50,26.1,609500,244,35,2025,2025,2025,2024,2025
4629,Modalen,392,379,1,42.8,42,28.4,628400,198,55,2025,2025,2025,2024,2025
1151,Utsira,217,6,35,47.2,49,33.3,732700,85,19,2025,2025,2025,2024,2025
